AgS,ReT,SA,Metal,AIC,Temp,pH,rpm,Adc,Qm,Aged condition,Solution- added agent,Study_ID,Study_ID_numeric,extreme_qm_flag,log_Qm,Temp_missing,pH_missing,rpm_missing,imputed_AIC,imputed_Temp,imputed_rpm,quality_score,quality_flags,quality_category
Virgin,PA,,Cd (II),8.5,25.0,7.0,30.0,Single-ion,339.6,,,"(Li et al., 2019)",14,False,5.827768454437193,0,0,0,0,0,0,100,none,high
Virgin,PP,0.99,Cd (II),8.5,25.0,7.0,30.0,Single-ion,199.2,,,"(Li et al., 2019)",14,False,5.294309345150498,0,0,0,0,0,0,100,none,high
Virgin,PE,0.53,Cd (II),8.5,25.0,7.0,30.0,Single-ion,234.5,,,"(Li et al., 2019)",14,False,5.457455587886334,0,0,0,0,0,0,100,none,high
Aged,Mix,5.12,Cd (II),51.0,25.0,7.0,30.0,Single-ion,2523.0,Nature: Sludge,,"(Li et al., 2019)",14,False,7.833203948641057,0,0,0,0,0,0,100,none,high
Virgin,HDPE,,Cd (II),10.1,25.0,7.0,270.0,Single-ion,30.5,,,"(Wang et al., 2019)",37,False,3.417726683613366,0,0,0,1,0,0,97,imputed_AIC,high
Virgin,PA,8.71,Cu (II),5.025,25.0,6.0,200.0,Single-ion,432.0,,,"(Yang et al., 2019)",45,False,6.068425588244111,0,0,0,0,0,0,100,none,high
Aged,PA,,Cu (II),5.025,25.0,6.0,200.0,Single-ion,265.0,Lab: UV,,"(Yang et al., 2019)",45,False,5.579729825986222,0,0,0,0,0,0,100,none,high
Virgin,PS,0.001,Cu (II),5.025,25.0,6.0,200.0,Single-ion,8.28,,,"(Yang et al., 2019)",45,False,2.1138429683971682,0,0,0,0,0,0,100,none,high
Virgin,PET,0.475,Cu (II),5.025,25.0,6.0,200.0,Single-ion,8.720000000000002,,,"(Yang et al., 2019)",45,False,2.1656192379208887,0,0,0,0,0,0,100,none,high
Virgin,PVC,0.556,Cu (II),5.025,25.0,6.0,200.0,Single-ion,6.289999999999999,,,"(Yang et al., 2019)",45,False,1.838961070712349,0,0,0,0,0,0,100,none,high
Virgin,PMMA,0.11,Cu (II),5.025,25.0,6.0,200.0,Single-ion,41.0,,,"(Yang et al., 2019)",45,False,3.713572066704308,0,0,0,0,0,0,100,none,high
Aged,PMMA,,Cu (II),5.025,25.0,6.0,200.0,Single-ion,79.4,Lab: UV,,"(Yang et al., 2019)",45,False,4.37449836825309,0,0,0,0,0,0,100,none,high
Virgin,PS,8.28,As (III),30.0,25.0,7.0,200.0,Single-ion,2840.0,,,"(Dong et al., 2020)",3,False,7.951559331155252,0,0,0,0,0,0,100,none,high
Virgin,PS,7.92,As (III),30.0,25.0,7.0,200.0,Mixed,11830.0,,HA,"(Dong et al., 2020)",3,True,9.378393956972433,0,0,0,0,0,0,80,extreme_qm,medium
Virgin,PS,7.41,As (III),30.0,25.0,7.0,200.0,Mixed,11350.0,,HA,"(Dong et al., 2020)",3,True,9.336973022909548,0,0,0,0,0,0,80,extreme_qm,medium
Virgin,PS,6.58,As (III),30.0,25.0,7.0,200.0,Mixed,9420.0,,HA,"(Dong et al., 2020)",3,True,9.150590367570409,0,0,0,0,0,0,80,extreme_qm,medium
Virgin,PS,8.11,As (III),30.0,25.0,7.0,200.0,Mixed,11030.0,,FA,"(Dong et al., 2020)",3,True,9.308374112247549,0,0,0,0,0,0,80,extreme_qm,medium
Virgin,PS,7.58,As (III),30.0,25.0,7.0,200.0,Mixed,10380.0,,FA,"(Dong et al., 2020)",3,True,9.24763615671988,0,0,0,0,0,0,80,extreme_qm,medium
Virgin,PS,6.82,As (III),30.0,25.0,7.0,200.0,Mixed,8410.0,,FA,"(Dong et al., 2020)",3,True,9.037176752966994,0,0,0,0,0,0,80,extreme_qm,medium
Virgin,PE,0.173,Cd (II),10.1,25.0,7.0,150.0,Single-ion,36.63,,,"(Guo et al., 2020)",6,False,3.6008675767907232,0,0,0,1,0,0,97,imputed_AIC,high
Virgin,PP,0.348,Cd (II),10.1,25.0,7.0,150.0,Single-ion,36.1,,,"(Guo et al., 2020)",6,False,3.586292865338835,0,0,0,1,0,0,97,imputed_AIC,high
Virgin,PS,0.508,Cd (II),10.1,25.0,7.0,150.0,Single-ion,40.49,,,"(Guo et al., 2020)",6,False,3.7010550300440697,0,0,0,1,0,0,97,imputed_AIC,high
Virgin,PVC,0.836,Cd (II),10.1,25.0,7.0,150.0,Single-ion,53.48,,,"(Guo et al., 2020)",6,False,3.9793077522337423,0,0,0,1,0,0,97,imputed_AIC,high
Virgin,PS,,Pb (II),1.05,25.0,7.0,150.0,Single-ion,160.0,,,"(Mao et al., 2020)",25,False,5.075173815233827,0,0,0,0,0,0,100,none,high
Aged,PS,,Pb (II),1.05,25.0,7.0,150.0,Single-ion,183.0,Lab: 1 month UV,,"(Mao et al., 2020)",25,False,5.209486152841421,0,0,0,0,0,0,100,none,high
Aged,PS,,Pb (II),1.05,25.0,7.0,150.0,Single-ion,203.0,Lab: 2 month UV,,"(Mao et al., 2020)",25,False,5.313205979041787,0,0,0,0,0,0,100,none,high
Aged,PS,,Pb (II),1.05,25.0,7.0,150.0,Single-ion,202.0,Lab: 3 month UV,,"(Mao et al., 2020)",25,False,5.308267697401205,0,0,0,0,0,0,100,none,high
Virgin,PS,,Cu (II),1.05,25.0,7.0,150.0,Single-ion,210.0,,,"(Mao et al., 2020)",25,False,5.3471075307174685,0,0,0,0,0,0,100,none,high
Aged,PS,,Cu (II),1.05,25.0,7.0,150.0,Single-ion,171.0,Lab: 1 month UV,,"(Mao et al., 2020)",25,False,5.14166355650266,0,0,0,0,0,0,100,none,high
Aged,PS,,Cu (II),1.05,25.0,7.0,150.0,Single-ion,162.0,Lab: 2 month UV,,"(Mao et al., 2020)",25,False,5.087596335232384,0,0,0,0,0,0,100,none,high
Aged,PS,,Cu (II),1.05,25.0,7.0,150.0,Single-ion,173.0,Lab: 3 month UV,,"(Mao et al., 2020)",25,False,5.153291594497779,0,0,0,0,0,0,100,none,high
Virgin,PS,,Cd (II),1.05,25.0,7.0,150.0,Single-ion,105.0,,,"(Mao et al., 2020)",25,False,4.653960350157523,0,0,0,0,0,0,100,none,high
Aged,PS,,Cd (II),1.05,25.0,7.0,150.0,Single-ion,133.0,Lab: 1 month UV,,"(Mao et al., 2020)",25,False,4.890349128221754,0,0,0,0,0,0,100,none,high
Aged,PS,,Cd (II),1.05,25.0,7.0,150.0,Single-ion,157.0,Lab: 2 month UV,,"(Mao et al., 2020)",25,False,5.056245805348308,0,0,0,0,0,0,100,none,high
Aged,PS,,Cd (II),1.05,25.0,7.0,150.0,Single-ion,175.0,Lab: 3 month UV,,"(Mao et al., 2020)",25,False,5.1647859739235145,0,0,0,0,0,0,100,none,high
Virgin,PS,,Ni (II),1.05,25.0,7.0,150.0,Single-ion,125.0,,,"(Mao et al., 2020)",25,False,4.8283137373023015,0,0,0,0,0,0,100,none,high
Aged,PS,,Ni (II),1.05,25.0,7.0,150.0,Single-ion,140.0,Lab: 1 month UV,,"(Mao et al., 2020)",25,False,4.941642422609304,0,0,0,0,0,0,100,none,high
Aged,PS,,Ni (II),1.05,25.0,7.0,150.0,Single-ion,143.0,Lab: 2 month UV,,"(Mao et al., 2020)",25,False,4.962844630259907,0,0,0,0,0,0,100,none,high
Aged,PS,,Ni (II),1.05,25.0,7.0,150.0,Single-ion,196.0,Lab: 3 month UV,,"(Mao et al., 2020)",25,False,5.278114659230517,0,0,0,0,0,0,100,none,high
Virgin,PS,,Zn (II),1.05,25.0,7.0,150.0,Single-ion,78.1,,,"(Mao et al., 2020)",25,False,4.35799005684564,0,0,0,0,0,0,100,none,high
Aged,PS,,Zn (II),1.05,25.0,7.0,150.0,Single-ion,128.0,Lab: 1 month UV,,"(Mao et al., 2020)",25,False,4.852030263919617,0,0,0,0,0,0,100,none,high
Aged,PS,,Zn (II),1.05,25.0,7.0,150.0,Single-ion,158.0,Lab: 2 month UV,,"(Mao et al., 2020)",25,False,5.062595033026967,0,0,0,0,0,0,100,none,high
Aged,PS,,Zn (II),1.05,25.0,7.0,150.0,Single-ion,183.0,Lab: 3 month UV,,"(Mao et al., 2020)",25,False,5.209486152841421,0,0,0,0,0,0,100,none,high
Aged,PS,,Pb (II),1.05,25.0,7.0,150.0,Single-ion,199.0,Lab: 3 month-pure water,,"(Mao et al., 2020)",25,False,5.293304824724492,0,0,0,0,0,0,100,none,high
Aged,PS,,Pb (II),1.05,25.0,7.0,150.0,Single-ion,199.0,Lab: 3 month-sea water,,"(Mao et al., 2020)",25,False,5.293304824724492,0,0,0,0,0,0,100,none,high
Aged,PS,,Pb (II),1.05,25.0,7.0,150.0,Single-ion,202.0,Lab: 3 month-air,,"(Mao et al., 2020)",25,False,5.308267697401205,0,0,0,0,0,0,100,none,high
Aged,PS,,Cu (II),1.05,25.0,7.0,150.0,Single-ion,176.0,Lab: 3 month-pure water,,"(Mao et al., 2020)",25,False,5.170483995038151,0,0,0,0,0,0,100,none,high
Aged,PS,,Cu (II),1.05,25.0,7.0,150.0,Single-ion,170.0,Lab: 3 month-sea water,,"(Mao et al., 2020)",25,False,5.135798437050262,0,0,0,0,0,0,100,none,high
Aged,PS,,Cu (II),1.05,25.0,7.0,150.0,Single-ion,173.0,Lab: 3 month-air,,"(Mao et al., 2020)",25,False,5.153291594497779,0,0,0,0,0,0,100,none,high
Aged,PS,,Cd (II),1.05,25.0,7.0,150.0,Single-ion,168.0,Lab: 3 month-pure water,,"(Mao et al., 2020)",25,False,5.123963979403259,0,0,0,0,0,0,100,none,high
Aged,PS,,Cd (II),1.05,25.0,7.0,150.0,Single-ion,161.0,Lab: 3 month-sea water,,"(Mao et al., 2020)",25,False,5.081404364984463,0,0,0,0,0,0,100,none,high
Aged,PS,,Cd (II),1.05,25.0,7.0,150.0,Single-ion,175.0,Lab: 3 month-air,,"(Mao et al., 2020)",25,False,5.1647859739235145,0,0,0,0,0,0,100,none,high
Aged,PS,,Ni (II),1.05,25.0,7.0,150.0,Single-ion,259.0,Lab: 3 month-pure water,,"(Mao et al., 2020)",25,False,5.556828061699537,0,0,0,0,0,0,100,none,high
Aged,PS,,Ni (II),1.05,25.0,7.0,150.0,Single-ion,211.0,Lab: 3 month-sea water,,"(Mao et al., 2020)",25,False,5.351858133476067,0,0,0,0,0,0,100,none,high
Aged,PS,,Ni (II),1.05,25.0,7.0,150.0,Single-ion,196.0,Lab: 3 month-air,,"(Mao et al., 2020)",25,False,5.278114659230517,0,0,0,0,0,0,100,none,high
Aged,PS,,Zn (II),1.05,25.0,7.0,150.0,Single-ion,312.0,Lab: 3 month-pure water,,"(Mao et al., 2020)",25,False,5.7430031878094825,0,0,0,0,0,0,100,none,high
Aged,PS,,Zn (II),1.05,25.0,7.0,150.0,Single-ion,236.0,Lab: 3 month-sea water,,"(Mao et al., 2020)",25,False,5.4638318050256105,0,0,0,0,0,0,100,none,high
Aged,PS,,Zn (II),1.05,25.0,7.0,150.0,Single-ion,183.0,Lab: 3 month-air,,"(Mao et al., 2020)",25,False,5.209486152841421,0,0,0,0,0,0,100,none,high
Aged,nylon,0.045,Pb (II),7.0,15.0,5.0,185.0,Single-ion,463.7,Nature: coastal aquaculture,,(Tang_Lin 2020),36,False,6.139237791397415,0,0,0,0,0,0,100,none,high
Aged,nylon,0.045,Pb (II),7.0,27.0,5.0,185.0,Single-ion,1031.5,Nature: coastal aquaculture,,(Tang_Lin 2020),36,False,6.938769332511306,0,0,0,0,0,0,100,none,high
Aged,PET,,Cu (II),6.0,15.0,7.0,150.0,Single-ion,335.48,Lab: UV,,"(Wang et al., 2020)",38,False,5.815562342116211,0,0,0,0,0,0,100,none,high
Aged,PET,,Zn (II),6.0,25.0,7.0,150.0,Single-ion,211.03,Lab: UV,,"(Wang et al., 2020)",38,False,5.352000303464221,0,0,0,0,0,0,100,none,high
Aged,PET,,Zn (II),6.0,35.0,7.0,150.0,Single-ion,318.42,Lab: UV,,"(Wang et al., 2020)",38,False,5.763371266067859,0,0,0,0,0,0,100,none,high
Virgin,PE,0.2354,Cu (II),2.5,25.0,7.0,160.0,Single-ion,237.5,,,(Wang_wang 2020),43,False,5.470167623474696,0,0,1,0,0,1,97,imputed_rpm,high
Virgin,PE,0.7762,Cu (II),2.5,25.0,7.0,160.0,Mixed,762.2,"Lab: Wastewater, 20d",TC,(Wang_wang 2020),43,False,6.63620898843976,0,0,1,0,0,1,97,imputed_rpm,high
Virgin,PS,,Cu (II),1.005,25.0,7.0,160.0,Single-ion,777.18,,,"(Gao et al., 2021)",4,False,6.65567198377022,0,0,0,0,0,0,100,none,high
Aged,PS,,Cu (II),1.005,25.0,7.0,160.0,Single-ion,1566.94,Lab: UV seawater,,"(Gao et al., 2021)",4,False,7.35687995189736,0,0,0,0,0,0,100,none,high
Virgin,PVC,,Cu (II),1.005,25.0,7.0,160.0,Single-ion,715.99,,,"(Gao et al., 2021)",4,False,6.573666200382666,0,0,0,0,0,0,100,none,high
Aged,PVC,,Cu (II),1.005,25.0,7.0,160.0,Single-ion,1282.35,Lab: UV seawater,,"(Gao et al., 2021)",4,False,7.156449611140352,0,0,0,0,0,0,100,none,high
Virgin,PS,,Cd (II),1.005,25.0,7.0,160.0,Single-ion,1369.33,,,"(Gao et al., 2021)",4,False,7.22207684810279,0,0,0,0,0,0,100,none,high
Aged,PS,,Cd (II),1.005,25.0,7.0,160.0,Single-ion,3903.1,Lab: UV seawater,,"(Gao et al., 2021)",4,False,8.26952638816933,0,0,0,0,0,0,100,none,high
Virgin,PVC,,Cd (II),1.005,25.0,7.0,160.0,Single-ion,1371.13,,,"(Gao et al., 2021)",4,False,7.223390496365382,0,0,0,0,0,0,100,none,high
Aged,PVC,,Cd (II),1.005,25.0,7.0,160.0,Single-ion,2366.53,Lab: UV seawater,,"(Gao et al., 2021)",4,False,7.7691800262150315,0,0,0,0,0,0,100,none,high
Virgin,PA,10.059,Cd (II),20.5,25.0,7.0,30.0,Single-ion,339.6,,,"(Li et al., 2021)",15,False,5.827768454437193,0,0,0,0,0,0,100,none,high
Aged,PA,30.597,Cd (II),20.5,25.0,7.0,30.0,Single-ion,2130.0,Lab: Wastewater pipeline,,"(Li et al., 2021)",15,False,7.6638772587034705,0,0,0,0,0,0,100,none,high
Aged,PE,53.972,Cd (II),20.5,25.0,7.0,30.0,Single-ion,126.5,Lab: Grit tank,,"(Li et al., 2021)",15,False,4.840242308167575,0,0,0,0,0,0,100,none,high
Aged,PE,36.953,Cd (II),20.5,25.0,7.0,30.0,Single-ion,614.48,Lab: Aeration tank,,"(Li et al., 2021)",15,False,6.420776381690427,0,0,0,0,0,0,100,none,high
Aged,PS,99.568,Cd (II),20.5,25.0,7.0,30.0,Single-ion,57.48,Lab: Aeration tank,,"(Li et al., 2021)",15,False,4.051437061210824,0,0,0,0,0,0,100,none,high
Virgin,PVC,1.73,Pb (II),10.1,15.0,6.0,150.0,Single-ion,650.7,,,"(Lin et al., 2021)",21,False,6.478048706500939,0,0,0,1,0,0,97,imputed_AIC,high
Virgin,PVC,1.73,Pb (II),10.1,15.0,6.0,150.0,Single-ion,794.8,,,"(Lin et al., 2021)",21,False,6.678090510677662,0,0,0,1,0,0,97,imputed_AIC,high
Virgin,PVC,1.73,Pb (II),10.1,15.0,6.0,150.0,Single-ion,943.2,,,"(Lin et al., 2021)",21,False,6.8492783492231615,0,0,0,1,0,0,97,imputed_AIC,high
Virgin,PS,,Pb (II),0.505,25.0,6.0,160.0,Single-ion,613.1,,,"(Qi et al., 2021)",28,False,6.418528054768642,0,0,1,0,0,1,97,imputed_rpm,high
Aged,PS,,Pb (II),0.505,25.0,6.0,160.0,Single-ion,1239.72,Nature: Lake,,"(Qi et al., 2021)",28,False,7.122640826649354,0,0,1,0,0,1,97,imputed_rpm,high
Aged,PS,,Pb (II),0.505,25.0,6.0,160.0,Single-ion,1101.41,Nature: Lake,,"(Qi et al., 2021)",28,False,7.0043464561407145,0,0,1,0,0,1,97,imputed_rpm,high
Virgin,PE,0.23,Cu (II),3.5,25.0,,160.0,Single-ion,31.2,,,"(Wang et al., 2021)",39,False,3.4404180948154366,0,1,1,0,0,1,92,imputed_rpm;pH_missing,high
Aged,PE,0.35,Cu (II),3.5,25.0,,160.0,Single-ion,183.0,Lab: air incubating,,"(Wang et al., 2021)",39,False,5.209486152841421,0,1,1,0,0,1,92,imputed_rpm;pH_missing,high
Aged,PE,0.76,Cu (II),3.5,25.0,,160.0,Single-ion,108.0,Lab: water incubating,,"(Wang et al., 2021)",39,False,4.68213122712422,0,1,1,0,0,1,92,imputed_rpm;pH_missing,high
Aged,PE,1.16,Cu (II),3.5,25.0,,160.0,Single-ion,318.0,Lab: soil incubating,,"(Wang et al., 2021)",39,False,5.762051382780177,0,1,1,0,0,1,92,imputed_rpm;pH_missing,high
Virgin,PE,0.23,Cu (II),3.5,25.0,,160.0,Mixed,42.6,,TC,"(Wang et al., 2021)",39,False,3.751854253275325,0,1,1,0,0,1,92,imputed_rpm;pH_missing,high
Aged,PE,0.35,Cu (II),3.5,25.0,,160.0,Mixed,412.0,Lab: air incubating,TC,"(Wang et al., 2021)",39,False,6.021023349349527,0,1,1,0,0,1,92,imputed_rpm;pH_missing,high
Aged,PE,0.76,Cu (II),3.5,25.0,,160.0,Mixed,120.0,Lab: water incubating,TC,"(Wang et al., 2021)",39,False,4.787491742782046,0,1,1,0,0,1,92,imputed_rpm;pH_missing,high
Aged,PE,1.16,Cu (II),3.5,25.0,,160.0,Mixed,210.0,Lab: soil incubating,TC,"(Wang et al., 2021)",39,False,5.3471075307174685,0,1,1,0,0,1,92,imputed_rpm;pH_missing,high
Virgin,TPU,0.543,Cu (II),26.25,25.0,,100.0,Single-ion,454.0,,,"(Xue et al., 2021)",44,False,6.118097198041348,1,1,0,0,1,0,92,imputed_Temp;pH_missing,high
Aged,TPU,0.7573,Cu (II),26.25,25.0,,100.0,Single-ion,521.0,Lab: UV,,"(Xue et al., 2021)",44,False,6.255750041753367,1,1,0,0,1,0,92,imputed_Temp;pH_missing,high
Virgin,TPU,0.543,Cu (II),26.25,25.0,,100.0,Mixed,613.0,,OTC,"(Xue et al., 2021)",44,False,6.418364935936212,1,1,0,0,1,0,92,imputed_Temp;pH_missing,high
Aged,TPU,0.7573,Cu (II),26.25,25.0,,100.0,Mixed,576.0,Lab: UV,OTC,"(Xue et al., 2021)",44,False,6.3561076606958915,1,1,0,0,1,0,92,imputed_Temp;pH_missing,high
Virgin,PS,,Cd (II),11.0,15.0,,185.0,Mixed,655.6999999999999,,hexabromocyclododecane ,"(Yu et al., 2021)",46,False,6.485703367269574,0,1,0,0,0,0,95,pH_missing,high
Virgin,PS,,Cd (II),11.0,27.0,,185.0,Mixed,784.5999999999999,,hexabromocyclododecane ,"(Yu et al., 2021)",46,False,6.665174033775452,0,1,0,0,0,0,95,pH_missing,high
Virgin,PS,,Cd (II),11.0,45.0,,185.0,Mixed,926.4,,hexabromocyclododecane ,"(Yu et al., 2021)",46,False,6.83130610681873,0,1,0,0,0,0,95,pH_missing,high
Aged,PS,,Mn (II),11.0,25.0,,150.0,Mixed,463.8,Lab: Alkaline aging,HA ,"(He et al., 2022)",7,False,6.139453424821431,0,1,0,0,0,0,95,pH_missing,high
Aged,PS,,Mn (II),11.0,35.0,,150.0,Mixed,817.2,Lab: Alkaline aging,HA ,"(He et al., 2022)",7,False,6.705883862943467,0,1,0,0,0,0,95,pH_missing,high
Aged,PS,,Mn (II),11.0,45.0,,150.0,Mixed,970.7,Lab: Alkaline aging,HA ,"(He et al., 2022)",7,False,6.878017460718181,0,1,0,0,0,0,95,pH_missing,high
Virgin,PE,0.21,Pb (II),102.5,25.0,,160.0,Single-ion,239.9,,,"(Jiang et al., 2022)",12,False,5.480222169845649,0,1,1,0,0,1,92,imputed_rpm;pH_missing,high
Virgin,PE,0.21,Pb (II),102.5,25.0,,160.0,Mixed,481.7,,CTAB,"(Jiang et al., 2022)",12,False,6.177321513636175,0,1,1,0,0,1,92,imputed_rpm;pH_missing,high
Virgin,PE,0.21,Pb (II),102.5,25.0,,160.0,Mixed,1031.2,,SDBS,"(Jiang et al., 2022)",12,False,6.938478451624977,0,1,1,0,0,1,92,imputed_rpm;pH_missing,high
Virgin,PP,0.87,Pb (II),102.5,25.0,,160.0,Single-ion,1890.4,,,"(Jiang et al., 2022)",12,False,7.544543725872698,0,1,1,0,0,1,92,imputed_rpm;pH_missing,high
Virgin,PP,0.87,Pb (II),102.5,25.0,,160.0,Mixed,1375.1,,CTAB ,"(Jiang et al., 2022)",12,False,7.226281734728899,0,1,1,0,0,1,92,imputed_rpm;pH_missing,high
Virgin,PP,0.87,Pb (II),102.5,25.0,,160.0,Mixed,2513.2,,SDBS,"(Jiang et al., 2022)",12,False,7.829312120528792,0,1,1,0,0,1,92,imputed_rpm;pH_missing,high
Virgin,PS,,Cr (VI),27.5,25.0,,200.0,Single-ion,3474.0,,,(Li_li 2022),19,False,8.153061946801051,0,1,0,0,0,0,95,pH_missing,high
Virgin,PS,,Cr (VI),27.5,25.0,,200.0,Mixed,917.0,,FA,(Li_li 2022),19,False,6.821107472256465,0,1,0,0,0,0,95,pH_missing,high
Virgin,PS,,Cr (VI),27.5,25.0,,200.0,Mixed,704.0,,FA,(Li_li 2022),19,False,6.556778356158042,0,1,0,0,0,0,95,pH_missing,high
Virgin,PS,,Cr (VI),27.5,25.0,,200.0,Mixed,4527.0,,TA,(Li_li 2022),19,False,8.417814747435958,0,1,0,0,0,0,95,pH_missing,high
Virgin,PS,,Cr (VI),27.5,25.0,,200.0,Mixed,4901.0,,TA,(Li_li 2022),19,False,8.497194544909547,0,1,0,0,0,0,95,pH_missing,high
Virgin,PS,,Cr (VI),27.5,25.0,,200.0,Mixed,2598.0,,HA,(Li_li 2022),19,False,7.862497197230545,0,1,0,0,0,0,95,pH_missing,high
Virgin,PS,,Cr (VI),27.5,25.0,,200.0,Mixed,1786.0,,HA,(Li_li 2022),19,False,7.487733761436444,0,1,0,0,0,0,95,pH_missing,high
Virgin,PS,0.46,Pb (II),25.5,25.0,7.0,200.0,Single-ion,511.0,,,(Li_zu 2022),20,False,6.236369590203704,0,0,0,0,0,0,100,none,high
Virgin,PP,1.71,Pb (II),25.5,25.0,7.0,200.0,Single-ion,775.0,,,(Li_zu 2022),20,False,6.652863029353347,0,0,0,0,0,0,100,none,high
Virgin,PS,0.46,Cd (II),25.5,25.0,7.0,200.0,Single-ion,314.0,,,(Li_zu 2022),20,False,5.749392985908253,0,0,0,0,0,0,100,none,high
Virgin,PP,1.71,Cd (II),25.5,25.0,7.0,200.0,Single-ion,323.0,,,(Li_zu 2022),20,False,5.777652323222656,0,0,0,0,0,0,100,none,high
Virgin,PBS,1.06,Pb (II),4.0,25.0,5.0,180.0,Single-ion,64.13,,,(Li_Wang 2022),17,False,4.160912273160771,0,0,0,0,0,0,100,none,high
Aged,PBS,1.15,Pb (II),4.0,25.0,5.0,180.0,Single-ion,647.09,Lab: wastewater-incubation,,(Li_Wang 2022),17,False,6.472485388381767,0,0,0,0,0,0,100,none,high
Aged,PBS,0.69,Pb (II),4.0,25.0,5.0,180.0,Single-ion,323.62,Lab: wastewater-incubation,,(Li_Wang 2022),17,False,5.779569987971662,0,0,0,0,0,0,100,none,high
Virgin,PS,0.157,Cr (VI),10.5,5.0,,180.0,Single-ion,95.77,,,(Li_Zhang 2022),18,False,4.561949483533528,0,1,0,0,0,0,95,pH_missing,high
Virgin,PA,0.0304,Cr (VI),10.5,5.0,,180.0,Single-ion,588.42,,,(Li_Zhang 2022),18,False,6.377440978632284,0,1,0,0,0,0,95,pH_missing,high
Virgin,PE,0.5107,Cr (VI),10.5,15.0,,180.0,Single-ion,69.03,,,(Li_Zhang 2022),18,False,4.234541192715384,0,1,0,0,0,0,95,pH_missing,high
Virgin,PS,0.157,Cr (VI),10.5,15.0,,180.0,Single-ion,164.54,,,(Li_Zhang 2022),18,False,5.103153701740784,0,1,0,0,0,0,95,pH_missing,high
Virgin,PA,0.0304,Cr (VI),10.5,15.0,,180.0,Single-ion,797.61,,,(Li_Zhang 2022),18,False,6.681619756181872,0,1,0,0,0,0,95,pH_missing,high
Virgin,PS,0.157,Cr (VI),10.5,25.0,,180.0,Single-ion,238.47,,,(Li_Zhang 2022),18,False,5.474243516253131,0,1,0,0,0,0,95,pH_missing,high
Virgin,PA,0.0304,Cr (VI),10.5,25.0,,180.0,Single-ion,745.26,,,(Li_Zhang 2022),18,False,6.6137331507841575,0,1,0,0,0,0,95,pH_missing,high
Virgin,PS,0.157,Cr (VI),10.5,35.0,,180.0,Single-ion,85.67,,,(Li_Zhang 2022),18,False,4.4505027059759525,0,1,0,0,0,0,95,pH_missing,high
Virgin,PA,0.0304,Cr (VI),10.5,35.0,,180.0,Single-ion,791.44,,,(Li_Zhang 2022),18,False,6.673854071014968,0,1,0,0,0,0,95,pH_missing,high
Aged,PA,0.0417,Cr (VI),10.5,5.0,,180.0,Single-ion,715.54,Lab: UV,,(Li_Zhang 2022),18,False,6.573037502395446,0,1,0,0,0,0,95,pH_missing,high
Aged,PS,2.545,Cr (VI),10.5,15.0,,180.0,Single-ion,261.17,Lab: UV,,(Li_Zhang 2022),18,False,5.56517153628838,0,1,0,0,0,0,95,pH_missing,high
Aged,PA,0.0417,Cr (VI),10.5,15.0,,180.0,Single-ion,726.75,Lab: UV,,(Li_Zhang 2022),18,False,6.588582539438986,0,1,0,0,0,0,95,pH_missing,high
Aged,PS,2.545,Cr (VI),10.5,25.0,,180.0,Single-ion,330.61,Lab: UV,,(Li_Zhang 2022),18,False,5.8009394329633395,0,1,0,0,0,0,95,pH_missing,high
Aged,PE,0.5607,Cr (VI),10.5,35.0,,180.0,Single-ion,244.34,Lab: UV,,(Li_Zhang 2022),18,False,5.498560697975914,0,1,0,0,0,0,95,pH_missing,high
Aged,PA,0.0417,Cr (VI),10.5,35.0,,180.0,Single-ion,796.66,Lab: UV,,(Li_Zhang 2022),18,False,6.680427988021596,0,1,0,0,0,0,95,pH_missing,high
Virgin,PS,,Cu (II),11.597875,15.0,,170.0,Mixed,33.275,,HBCD ,"(Lin et al., 2022)",22,False,3.5048063642811753,0,1,0,0,0,0,95,pH_missing,high
Virgin,PS,,Cu (II),11.597875,25.0,,170.0,Mixed,40.111,,HBCD ,"(Lin et al., 2022)",22,False,3.6916506109097225,0,1,0,0,0,0,95,pH_missing,high
Virgin,PS,,Cu (II),11.597875,35.0,,170.0,Mixed,48.217,,HBCD ,"(Lin et al., 2022)",22,False,3.8757116559689906,0,1,0,0,0,0,95,pH_missing,high
Virgin,PS,,Zn (II),10.710925,15.0,,170.0,Mixed,15.577,,HBCD ,"(Lin et al., 2022)",22,False,2.7457954673444687,0,1,0,0,0,0,95,pH_missing,high
Virgin,PS,,Zn (II),10.710925,25.0,,170.0,Mixed,23.213,,HBCD ,"(Lin et al., 2022)",22,False,3.1447124665653097,0,1,0,0,0,0,95,pH_missing,high
Virgin,PS,,Zn (II),10.710925,35.0,,170.0,Mixed,27.569,,HBCD ,"(Lin et al., 2022)",22,False,3.3166919530684913,0,1,0,0,0,0,95,pH_missing,high
Virgin,PS,,Ni (II),11.93185,15.0,,170.0,Mixed,9.228,,HBCD ,"(Lin et al., 2022)",22,False,2.222242340311507,0,1,0,0,0,0,95,pH_missing,high
Virgin,PS,,Ni (II),11.93185,15.0,,170.0,Mixed,11.724,,HBCD ,"(Lin et al., 2022)",22,False,2.461638022848646,0,1,0,0,0,0,95,pH_missing,high
Virgin,PS,,Ni (II),11.93185,15.0,,170.0,Mixed,13.416,,HBCD ,"(Lin et al., 2022)",22,False,2.5964480245209076,0,1,0,0,0,0,95,pH_missing,high
Virgin,PE,0.144,Pb (II),30.0,25.0,,150.0,Single-ion,9250.0,,,(Liu_Huang 2022),23,True,9.132378830506472,0,1,0,0,0,0,75,extreme_qm;pH_missing,medium
Virgin,PE,0.144,Pb (II),30.0,25.0,,150.0,Mixed,5250.0,,Na,(Liu_Huang 2022),23,False,8.565983355585669,0,1,0,0,0,0,95,pH_missing,high
Virgin,PE,0.144,Pb (II),30.0,25.0,,150.0,Mixed,7780.0,,Na,(Liu_Huang 2022),23,True,8.959311617172437,0,1,0,0,0,0,75,extreme_qm;pH_missing,medium
Aged,PE,0.521,Pb (II),30.0,25.0,,150.0,Mixed,17730.0,Nature: river,Na,(Liu_Huang 2022),23,True,9.783013399068254,0,1,0,0,0,0,75,extreme_qm;pH_missing,medium
Virgin,PE,0.144,Pb (II),30.0,25.0,,150.0,Mixed,4160.0,,Ca,(Liu_Huang 2022),23,False,8.333270353255308,0,1,0,0,0,0,95,pH_missing,high
Virgin,PE,0.144,Pb (II),30.0,25.0,,150.0,Mixed,6990.0,,Ca,(Liu_Huang 2022),23,True,8.852235835227855,0,1,0,0,0,0,75,extreme_qm;pH_missing,medium
Aged,PE,0.521,Pb (II),30.0,25.0,,150.0,Mixed,8710.0,Nature: river,Ca,(Liu_Huang 2022),23,True,9.072227069846548,0,1,0,0,0,0,75,extreme_qm;pH_missing,medium
Virgin,PE,0.4552,Pb (II),15.0,25.0,,150.0,Single-ion,536.0,,,(Liu_Zhang 2022),24,False,6.284134161070802,0,1,0,0,0,0,95,pH_missing,high
Virgin,PLA,0.3663,Pb (II),15.0,25.0,,150.0,Single-ion,670.0,,,(Liu_Zhang 2022),24,False,6.507277712385012,0,1,0,0,0,0,95,pH_missing,high
Aged,PE,0.8361,Pb (II),15.0,25.0,,150.0,Single-ion,821.0,Lab: UV/O3,,(Liu_Zhang 2022),24,False,6.710523109452428,0,1,0,0,0,0,95,pH_missing,high
Aged,PE,0.3663,Pb (II),15.0,25.0,,150.0,Single-ion,977.0,Lab: UV/O3,,(Liu_Zhang 2022),24,False,6.884486652042782,0,1,0,0,0,0,95,pH_missing,high
Virgin,PE,,Pb (II),1.05,25.0,5.0,160.0,Single-ion,78.73599999999999,,,"(Nguyen et al., 2022)",27,False,4.366100484123622,0,0,1,0,0,1,97,imputed_rpm,high
Virgin,PE,,Pb (II),1.05,25.0,5.0,160.0,Single-ion,39.9896,,,"(Nguyen et al., 2022)",27,False,3.6886194203080764,0,0,1,0,0,1,97,imputed_rpm,high
Virgin,PE,,Pb (II),1.05,25.0,5.0,160.0,Single-ion,30.2512,,,"(Nguyen et al., 2022)",27,False,3.4095358531115276,0,0,1,0,0,1,97,imputed_rpm,high
Virgin,PS,,Cu (II),3.34,25.0,6.0,160.0,Single-ion,16.1495,,,"(Qiongjie et al., 2022)",29,False,2.7818890894370805,0,0,1,0,0,1,97,imputed_rpm,high
Virgin,PS,,Cu (II),3.34,25.0,6.0,160.0,Mixed,14.4756,,Pb,"(Qiongjie et al., 2022)",29,False,2.672464473377201,0,0,1,0,0,1,97,imputed_rpm,high
Virgin,PS,,Cu (II),3.34,25.0,6.0,160.0,Mixed,13.1719,,Pb,"(Qiongjie et al., 2022)",29,False,2.578085772623775,0,0,1,0,0,1,97,imputed_rpm,high
Virgin,PS,,Cu (II),3.34,25.0,6.0,160.0,Mixed,9.2151,,Pb,"(Qiongjie et al., 2022)",29,False,2.220843442934853,0,0,1,0,0,1,97,imputed_rpm,high
Virgin,PS,,Cu (II),3.34,25.0,6.0,160.0,Mixed,7.8111,,Pb,"(Qiongjie et al., 2022)",29,False,2.0555457990042814,0,0,1,0,0,1,97,imputed_rpm,high
Virgin,PS,,Pb (II),10.88,25.0,6.0,160.0,Single-ion,23.8335,,,"(Qiongjie et al., 2022)",29,False,3.1710921540143944,0,0,1,0,0,1,97,imputed_rpm,high
Virgin,PS,,Pb (II),10.88,25.0,6.0,160.0,Mixed,20.1289,,Cu,"(Qiongjie et al., 2022)",29,False,3.0021565933498753,0,0,1,0,0,1,97,imputed_rpm,high
Virgin,PS,,Pb (II),10.88,25.0,6.0,160.0,Mixed,19.0987,,Cu,"(Qiongjie et al., 2022)",29,False,2.94962026990898,0,0,1,0,0,1,97,imputed_rpm,high
Virgin,PS,,Pb (II),10.88,25.0,6.0,160.0,Mixed,13.9557,,Cu,"(Qiongjie et al., 2022)",29,False,2.6358880269627862,0,0,1,0,0,1,97,imputed_rpm,high
Virgin,PS,,Pb (II),10.88,25.0,6.0,160.0,Mixed,11.7943,,Cu,"(Qiongjie et al., 2022)",29,False,2.4676163639175157,0,0,1,0,0,1,97,imputed_rpm,high
Aged,PS,,Cu (II),3.34,25.0,6.0,160.0,Single-ion,19.8878,Lab: UV,,"(Qiongjie et al., 2022)",29,False,2.9901064784024243,0,0,1,0,0,1,97,imputed_rpm,high
Aged,PS,,Cu (II),3.34,25.0,6.0,160.0,Mixed,16.7497,,Pb,"(Qiongjie et al., 2022)",29,False,2.81838034766292,0,0,1,0,0,1,97,imputed_rpm,high
Aged,PS,,Cu (II),3.34,25.0,6.0,160.0,Mixed,15.2978,,Pb,"(Qiongjie et al., 2022)",29,False,2.7277090272098214,0,0,1,0,0,1,97,imputed_rpm,high
Aged,PS,,Cu (II),3.34,25.0,6.0,160.0,Mixed,11.463,,Pb,"(Qiongjie et al., 2022)",29,False,2.4391244571328725,0,0,1,0,0,1,97,imputed_rpm,high
Aged,PS,,Cu (II),3.34,25.0,6.0,160.0,Mixed,10.4185,,Pb,"(Qiongjie et al., 2022)",29,False,2.343583072028118,0,0,1,0,0,1,97,imputed_rpm,high
Aged,PS,,Pb (II),10.88,25.0,6.0,160.0,Single-ion,26.6819,,,"(Qiongjie et al., 2022)",29,False,3.283985432904602,0,0,1,0,0,1,97,imputed_rpm,high
Aged,PS,,Pb (II),10.88,25.0,6.0,160.0,Mixed,22.4351,,Cu,"(Qiongjie et al., 2022)",29,False,3.1106266967391627,0,0,1,0,0,1,97,imputed_rpm,high
Aged,PS,,Pb (II),10.88,25.0,6.0,160.0,Mixed,21.4646,,Cu,"(Qiongjie et al., 2022)",29,False,3.066405066515702,0,0,1,0,0,1,97,imputed_rpm,high
Aged,PS,,Pb (II),10.88,25.0,6.0,160.0,Mixed,15.8741,,Cu,"(Qiongjie et al., 2022)",29,False,2.7646888502582656,0,0,1,0,0,1,97,imputed_rpm,high
Aged,PS,,Pb (II),10.88,25.0,6.0,160.0,Mixed,13.0727,,Cu,"(Qiongjie et al., 2022)",29,False,2.5705260862555233,0,0,1,0,0,1,97,imputed_rpm,high
Aged,PS,,Cu (II),3.34,25.0,6.0,160.0,Single-ion,31.4048,"Lab: wastewater, aeration",,"(Qiongjie et al., 2022)",29,False,3.4469607474733928,0,0,1,0,0,1,97,imputed_rpm,high
Aged,PS,,Cu (II),3.34,25.0,6.0,160.0,Mixed,30.5924,,Pb,"(Qiongjie et al., 2022)",29,False,3.4207516120973174,0,0,1,0,0,1,97,imputed_rpm,high
Aged,PS,,Cu (II),3.34,25.0,6.0,160.0,Mixed,29.3424,,Pb,"(Qiongjie et al., 2022)",29,False,3.3790335689604336,0,0,1,0,0,1,97,imputed_rpm,high
Aged,PS,,Cu (II),3.34,25.0,6.0,160.0,Mixed,28.5197,,Pb,"(Qiongjie et al., 2022)",29,False,3.3505950765566896,0,0,1,0,0,1,97,imputed_rpm,high
Aged,PS,,Cu (II),3.34,25.0,6.0,160.0,Mixed,28.3158,,Pb,"(Qiongjie et al., 2022)",29,False,3.3434199527424866,0,0,1,0,0,1,97,imputed_rpm,high
Aged,PS,,Pb (II),10.88,25.0,6.0,160.0,Single-ion,43.8846,,,"(Qiongjie et al., 2022)",29,False,3.7815634612708564,0,0,1,0,0,1,97,imputed_rpm,high
Aged,PS,,Pb (II),10.88,25.0,6.0,160.0,Mixed,41.7861,,Cu,"(Qiongjie et al., 2022)",29,False,3.7325637483432255,0,0,1,0,0,1,97,imputed_rpm,high
Aged,PS,,Pb (II),10.88,25.0,6.0,160.0,Mixed,38.3453,,Cu,"(Qiongjie et al., 2022)",29,False,3.6466319648920464,0,0,1,0,0,1,97,imputed_rpm,high
Aged,PS,,Pb (II),10.88,25.0,6.0,160.0,Mixed,34.5489,,Cu,"(Qiongjie et al., 2022)",29,False,3.542375711790778,0,0,1,0,0,1,97,imputed_rpm,high
Aged,PS,,Pb (II),10.88,25.0,6.0,160.0,Mixed,25.2635,,Cu,"(Qiongjie et al., 2022)",29,False,3.2293606663104755,0,0,1,0,0,1,97,imputed_rpm,high
Virgin,PVC,1.20788,Hg (II),0.0255,25.0,6.8,60.0,Single-ion,9.5,,,"(Qiu et al., 2022)",30,False,2.2512917986064953,0,0,0,0,0,0,100,none,high
Aged,PVC,1.55175,Hg (II),0.0255,25.0,6.8,60.0,Single-ion,167.4,"Lab: Sulfur, anaerobiosis",,"(Qiu et al., 2022)",30,False,5.120386158055375,0,0,0,0,0,0,100,none,high
Virgin,PET,0.92286,Hg (II),0.0255,25.0,6.8,60.0,Single-ion,6.6,,,"(Qiu et al., 2022)",30,False,1.8870696490323797,0,0,0,0,0,0,100,none,high
Aged,PET,0.83792,Hg (II),0.0255,25.0,6.8,60.0,Single-ion,35.7,"Lab: Sulfur, anaerobiosis",,"(Qiu et al., 2022)",30,False,3.5751506887855933,0,0,0,0,0,0,100,none,high
Virgin,PS,0.67877,Hg (II),0.0255,25.0,6.8,60.0,Single-ion,4.9,,,"(Qiu et al., 2022)",30,False,1.589235205116581,0,0,0,0,0,0,100,none,high
Aged,PS,1.15927,Hg (II),0.0255,25.0,6.8,60.0,Single-ion,44.1,"Lab: Sulfur, anaerobiosis",,"(Qiu et al., 2022)",30,False,3.7864597824528,0,0,0,0,0,0,100,none,high
Virgin,PE,1.4443,Hg (II),0.0255,25.0,6.8,60.0,Single-ion,6.9,,,"(Qiu et al., 2022)",30,False,1.9315214116032138,0,0,0,0,0,0,100,none,high
Aged,PE,1.70373,Hg (II),0.0255,25.0,6.8,60.0,Single-ion,15.9,"Lab: Sulfur, anaerobiosis",,"(Qiu et al., 2022)",30,False,2.766319109226186,0,0,0,0,0,0,100,none,high
Virgin,PP,0.52987,Hg (II),0.0255,25.0,6.8,60.0,Single-ion,6.8,,,"(Qiu et al., 2022)",30,False,1.916922612182061,0,0,0,0,0,0,100,none,high
Aged,PP,1.29385,Hg (II),0.0255,25.0,6.8,60.0,Single-ion,38.2,"Lab: Sulfur, anaerobiosis",,"(Qiu et al., 2022)",30,False,3.6428355156125294,0,0,0,0,0,0,100,none,high
Virgin,PA,0.19879,Hg (II),0.0255,25.0,6.8,60.0,Single-ion,16.7,,,"(Qiu et al., 2022)",30,False,2.8154087194227095,0,0,0,0,0,0,100,none,high
Aged,PA,0.48535,Hg (II),0.0255,25.0,6.8,60.0,Single-ion,244.6,"Lab: Sulfur, anaerobiosis",,"(Qiu et al., 2022)",30,False,5.499624223253072,0,0,0,0,0,0,100,none,high
Virgin,PE,,Cu (II),13.5,30.0,5.0,160.0,Single-ion,1230.0,,,"(Sathyamoorthy et al., 2022)",32,False,7.114769448366463,0,0,0,0,0,0,100,none,high
Virgin,PLA,,Cu (II),7.6,25.0,,150.0,Single-ion,151.802,,,"(Sun et al., 2022)",33,False,5.022577040105303,1,1,0,0,1,0,92,imputed_Temp;pH_missing,high
Aged,PLA,,Cu (II),10.1,25.0,,160.0,Single-ion,1045.67,Lab: Wastewater,,"(Sun et al., 2022)",33,False,6.952413107276493,1,1,1,1,1,1,86,imputed_rpm;imputed_AIC;imputed_Temp;pH_missing,high
Virgin,PA,,Cu (II),7.6,25.0,,185.0,Single-ion,146.0,,,"(Tang et al., 2022)",35,False,4.983606621708336,0,1,0,0,0,0,95,pH_missing,high
Virgin,PA,,Cd (II),7.6,25.0,,185.0,Single-ion,136.0,,,"(Tang et al., 2022)",35,False,4.912654885736052,0,1,0,0,0,0,95,pH_missing,high
Virgin,PA,,Pb (II),7.6,25.0,,185.0,Single-ion,767.0,,,"(Tang et al., 2022)",35,False,6.642486801367256,0,1,0,0,0,0,95,pH_missing,high
Virgin,PVC,,Pb (II),10.1,25.0,6.0,150.0,Single-ion,4930.0,,,(Wang_Wang 2022),42,False,8.503094267036737,0,0,0,1,0,0,97,imputed_AIC,high
Virgin,PVC,,Pb (II),10.1,35.0,6.0,150.0,Single-ion,4150.0,,,(Wang_Wang 2022),42,False,8.330863613224745,0,0,0,1,0,0,97,imputed_AIC,high
Virgin,PVC,,Pb (II),10.1,45.0,6.0,150.0,Single-ion,4740.0,,,(Wang_Wang 2022),42,False,8.463792414689122,0,0,0,1,0,0,97,imputed_AIC,high
Virgin,PS,0.47,Cd (II),20.25,25.0,,140.0,Single-ion,162.0,,,(Wang_Qui 2022),41,False,5.087596335232384,0,1,0,0,0,0,95,pH_missing,high
Aged,PS,0.98,Cd (II),20.25,25.0,,140.0,Single-ion,219.0,Lab: UV,,(Wang_Qui 2022),41,False,5.389071729816501,0,1,0,0,0,0,95,pH_missing,high
Aged,PS,2.79,Cd (II),20.25,25.0,,140.0,Single-ion,274.0,Lab: H2O2,,(Wang_Qui 2022),41,False,5.6131281063880705,0,1,0,0,0,0,95,pH_missing,high
Virgin,PS,0.47,Cd (II),20.25,25.0,,140.0,Mixed,154.0,,tetracycline,(Wang_Qui 2022),41,False,5.0369526024136295,0,1,0,0,0,0,95,pH_missing,high
Aged,PS,0.98,Cd (II),20.25,25.0,,140.0,Mixed,246.0,Lab: UV,tetracycline,(Wang_Qui 2022),41,False,5.5053315359323625,0,1,0,0,0,0,95,pH_missing,high
Aged,PS,2.79,Cd (II),20.25,25.0,,140.0,Mixed,290.0,Lab: H2O2,tetracycline,(Wang_Qui 2022),41,False,5.66988092298052,0,1,0,0,0,0,95,pH_missing,high
Virgin,PET,0.17,Cd (II),20.25,25.0,,140.0,Single-ion,197.0,,,(Wang_Qui 2022),41,False,5.2832037287379885,0,1,0,0,0,0,95,pH_missing,high
Aged,PET,1.01,Cd (II),20.25,25.0,,140.0,Single-ion,252.0,Lab: UV,,(Wang_Qui 2022),41,False,5.529429087511423,0,1,0,0,0,0,95,pH_missing,high
Aged,PET,2.56,Cd (II),20.25,25.0,,140.0,Single-ion,379.0,Lab: H2O2,,(Wang_Qui 2022),41,False,5.937536205082426,0,1,0,0,0,0,95,pH_missing,high
Virgin,PET,0.17,Cd (II),20.25,25.0,,140.0,Mixed,200.0,,tetracycline,(Wang_Qui 2022),41,False,5.298317366548036,0,1,0,0,0,0,95,pH_missing,high
Aged,PET,1.01,Cd (II),20.25,25.0,,140.0,Mixed,313.0,Lab: UV,tetracycline,(Wang_Qui 2022),41,False,5.746203190540153,0,1,0,0,0,0,95,pH_missing,high
Aged,PET,2.56,Cd (II),20.25,25.0,,140.0,Mixed,392.0,Lab: H2O2,tetracycline,(Wang_Qui 2022),41,False,5.971261839790462,0,1,0,0,0,0,95,pH_missing,high
Aged,PBT,0.263,Cd (II),10.1,25.0,,180.0,Single-ion,3880.0,Lab: UV,,"(Zhao et al., 2022)",48,False,8.263590432617319,0,1,0,1,0,0,92,imputed_AIC;pH_missing,high
Aged,PBT,0.263,Cd (II),10.1,35.0,,180.0,Single-ion,7120.0,Lab: UV,,"(Zhao et al., 2022)",48,True,8.87066300440602,0,1,0,1,0,0,72,extreme_qm;imputed_AIC;pH_missing,medium
Aged,PBT,0.263,Cd (II),10.1,45.0,,180.0,Single-ion,10100.0,Lab: UV,,"(Zhao et al., 2022)",48,True,9.22029070282935,0,1,0,1,0,0,72,extreme_qm;imputed_AIC;pH_missing,medium
Virgin,PP,,Cu (II),102.5,25.0,,200.0,Single-ion,11.01,,,(Zhou_chen 2022),50,False,2.3988039507345884,0,1,0,0,0,0,95,pH_missing,high
Aged,PP,,Cu (II),102.5,25.0,,200.0,Single-ion,6.85,Nature: air-sun,,(Zhou_chen 2022),50,False,1.9242486522741338,0,1,0,0,0,0,95,pH_missing,high
Aged,PP,,Cu (II),102.5,25.0,,200.0,Single-ion,2.73,Nature: air-sun,,(Zhou_chen 2022),50,False,1.0043016091968684,0,1,0,0,0,0,95,pH_missing,high
Aged,PP,,Cu (II),102.5,25.0,,200.0,Single-ion,1.35,Nature: air-sun,,(Zhou_chen 2022),50,False,0.30010459245033816,0,1,0,0,0,0,95,pH_missing,high
Aged,PP,,Cu (II),102.5,25.0,,200.0,Single-ion,2.19,Nature: air-sun,,(Zhou_chen 2022),50,False,0.7839015438284094,0,1,0,0,0,0,95,pH_missing,high
Virgin,PE,,Cu (II),102.5,25.0,,200.0,Single-ion,9.0,,,(Zhou_chen 2022),50,False,2.1972245773362196,0,1,0,0,0,0,95,pH_missing,high
Aged,PE,,Cu (II),102.5,25.0,,200.0,Single-ion,6.34,Nature: air-sun,,(Zhou_chen 2022),50,False,1.8468787684491346,0,1,0,0,0,0,95,pH_missing,high
Aged,PE,,Cu (II),102.5,25.0,,200.0,Single-ion,5.46,Nature: air-sun,,(Zhou_chen 2022),50,False,1.6974487897568136,0,1,0,0,0,0,95,pH_missing,high
Aged,PE,,Cu (II),102.5,25.0,,200.0,Single-ion,2.26,Nature: air-sun,,(Zhou_chen 2022),50,False,0.8153648132841944,0,1,0,0,0,0,95,pH_missing,high
Aged,PE,,Cu (II),102.5,25.0,,200.0,Single-ion,1.87,Nature: air-sun,,(Zhou_chen 2022),50,False,0.6259384308664954,0,1,0,0,0,0,95,pH_missing,high
Aged,PE,,Cu (II),102.5,25.0,,200.0,Single-ion,1.05,Nature: air-sun,,(Zhou_chen 2022),50,False,0.04879016416943204,0,1,0,0,0,0,95,pH_missing,high
Aged,PS,,Cu (II),10.5,25.0,,150.0,Single-ion,8840.0,Lab: UV,,(Zhou_Sun 2022),49,True,9.08704215563169,0,1,0,0,0,0,75,extreme_qm;pH_missing,medium
Aged,PS,,Cu (II),10.5,25.0,,150.0,Mixed,5010.0,Lab: UV,,(Zhou_Sun 2022),49,False,8.51919119407891,0,1,0,0,0,0,95,pH_missing,high
Aged,PVC,,Cu (II),10.5,25.0,,150.0,Single-ion,5360.0,Lab: UV,,(Zhou_Sun 2022),49,True,8.586719254064848,0,1,0,0,0,0,75,extreme_qm;pH_missing,medium
Aged,PVC,,Cu (II),10.5,25.0,,150.0,Mixed,7330.0,Lab: UV,,(Zhou_Sun 2022),49,True,8.899730794880696,0,1,0,0,0,0,75,extreme_qm;pH_missing,medium
Aged,PS,,Cr (VI),10.5,25.0,,150.0,Mixed,3080.0,Lab: UV,,(Zhou_Sun 2022),49,False,8.03268487596762,0,1,0,0,0,0,95,pH_missing,high
Aged,PVC,,Cr (VI),10.5,25.0,,150.0,Mixed,2520.0,Lab: UV,,(Zhou_Sun 2022),49,False,7.832014180505469,0,1,0,0,0,0,95,pH_missing,high
Aged,PA,,Hg (II),0.01025,25.0,,200.0,Single-ion,11.8,Lab+Nature: H202-Sunlight,,"(Gao et al., 2023)",5,False,2.468099531471619,1,1,0,0,1,0,92,imputed_Temp;pH_missing,high
Aged,PE,,Hg (II),0.01025,25.0,,200.0,Single-ion,8.3,Lab+Nature: H202-Sunlight,,"(Gao et al., 2023)",5,False,2.1162555148025524,1,1,0,0,1,0,92,imputed_Temp;pH_missing,high
Aged,PET,,Hg (II),0.01025,25.0,,200.0,Single-ion,7.6,Lab+Nature: H202-Sunlight,,"(Gao et al., 2023)",5,False,2.028148247292285,1,1,0,0,1,0,92,imputed_Temp;pH_missing,high
Aged,PVC,,Hg (II),0.01025,25.0,,200.0,Single-ion,8.7,Lab+Nature: H202-Sunlight,,"(Gao et al., 2023)",5,False,2.163323025660538,1,1,0,0,1,0,92,imputed_Temp;pH_missing,high
Aged,PLA,,Hg (II),0.01025,25.0,,200.0,Single-ion,11.4,Lab+Nature: H202-Sunlight,,"(Gao et al., 2023)",5,False,2.4336133554004498,1,1,0,0,1,0,92,imputed_Temp;pH_missing,high
Virgin,PLA,4.91,Pb (II),15.5,25.0,5.0,160.0,Single-ion,1173.0,,,"(Huang et al., 2023)",10,False,7.067319848653476,0,0,1,0,0,1,97,imputed_rpm,high
Aged,PLA,15.37,Pb (II),15.5,25.0,5.0,160.0,Single-ion,1509.0,Lab: UV,,"(Huang et al., 2023)",10,False,7.319202458767849,0,0,1,0,0,1,97,imputed_rpm,high
Virgin,PS,3.16,Pb (II),15.5,25.0,5.0,160.0,Single-ion,894.0,,,"(Huang et al., 2023)",10,False,6.795705775173514,0,0,1,0,0,1,97,imputed_rpm,high
Aged,PS,5.62,Pb (II),15.5,25.0,5.0,160.0,Single-ion,1210.0,Lab: UV,,"(Huang et al., 2023)",10,False,7.098375638590786,0,0,1,0,0,1,97,imputed_rpm,high
Virgin,PBAT,,Cu (II),5.1,25.0,5.5,200.0,Single-ion,140.547,,P-PBAT,"(Sun et al., 2023)",34,False,4.945541952407557,1,0,0,0,1,0,97,imputed_Temp,high
Aged,PBAT,,Cu (II),5.1,25.0,5.5,200.0,Single-ion,172.065,Lab: Wastewater,D-PBAT,"(Sun et al., 2023)",34,False,5.147872312401341,1,0,0,0,1,0,97,imputed_Temp,high
Virgin,PVC,0.86,Pb (II),7.0,25.0,,180.0,Single-ion,1910.0,,,"(Wang et al., 2023)",40,False,7.554858521040676,0,1,0,0,0,0,95,pH_missing,high
Virgin,PVC,1.495,Pb (II),7.0,25.0,,180.0,Mixed,2630.0,,HA,"(Wang et al., 2023)",40,False,7.874739125171811,0,1,0,0,0,0,95,pH_missing,high
Virgin,PVC,1.495,Pb (II),7.0,25.0,,180.0,Mixed,3450.0,,HA,"(Wang et al., 2023)",40,False,8.146129510025405,0,1,0,0,0,0,95,pH_missing,high
Virgin,PVC,1.495,Pb (II),7.0,25.0,,180.0,Mixed,4040.0,,HA,"(Wang et al., 2023)",40,False,8.303999970955196,0,1,0,0,0,0,95,pH_missing,high
Aged,PVC,3.378,Pb (II),7.0,25.0,,180.0,Single-ion,4570.0,Lab: Wastewater,HA,"(Wang et al., 2023)",40,False,8.42726848388825,0,1,0,0,0,0,95,pH_missing,high
Aged,PVC,2.877,Pb (II),7.0,25.0,,180.0,Mixed,4420.0,Lab: Wastewater,HA,"(Wang et al., 2023)",40,False,8.393894975071744,0,1,0,0,0,0,95,pH_missing,high
Aged,PVC,2.877,Pb (II),7.0,25.0,,180.0,Mixed,4040.0,Lab: Wastewater,HA,"(Wang et al., 2023)",40,False,8.303999970955196,0,1,0,0,0,0,95,pH_missing,high
Aged,PVC,2.877,Pb (II),7.0,25.0,,180.0,Mixed,3440.0,Lab: Wastewater,HA,"(Wang et al., 2023)",40,False,8.143226750367445,0,1,0,0,0,0,95,pH_missing,high
Virgin,PLA,,Pb (II),30.0,25.0,5.0,100.0,Single-ion,889.54,,,"(Yu et al., 2023)",47,False,6.790704475178566,0,0,0,0,0,0,100,none,high
Aged,PLA,,Pb (II),30.0,25.0,5.0,100.0,Single-ion,1087.81,Lab: sludge-hydrothermal treatment,,"(Yu et al., 2023)",47,False,6.991921779812942,0,0,0,0,0,0,100,none,high
Aged,PLA,,Pb (II),30.0,25.0,5.0,100.0,Single-ion,1453.54,Lab: sludge-hydrothermal treatment,,"(Yu et al., 2023)",47,False,7.28175723940011,0,0,0,0,0,0,100,none,high
Aged,PLA,,Pb (II),30.0,25.0,5.0,100.0,Single-ion,1728.71,Lab: sludge-hydrothermal treatment,,"(Yu et al., 2023)",47,False,7.45513074460571,0,0,0,0,0,0,100,none,high
Aged,PLA,,Pb (II),30.0,25.0,5.0,100.0,Single-ion,2089.02,Lab: sludge-hydrothermal treatment,,"(Yu et al., 2023)",47,False,7.644450335469568,0,0,0,0,0,0,100,none,high
Virgin,PLA,,Cu (II),15.5,25.0,6.0,160.0,Single-ion,6085.0,,,"(Huang et al., 2024)",11,True,8.713582005421628,0,0,0,0,0,0,80,extreme_qm,medium
Aged,PLA,,Cu (II),15.5,25.0,6.0,160.0,Single-ion,7132.0,Lab: UV,,"(Huang et al., 2024)",11,True,8.872346978983032,0,0,0,0,0,0,80,extreme_qm,medium
Virgin,PS,,Cu (II),15.5,25.0,6.0,160.0,Single-ion,365.0,,,"(Huang et al., 2024)",11,False,5.8998973535824915,0,0,0,0,0,0,100,none,high
Aged,PS,,Cu (II),15.5,25.0,6.0,160.0,Single-ion,489.0,Lab: UV,,"(Huang et al., 2024)",11,False,6.192362489474872,0,0,0,0,0,0,100,none,high
Virgin,PS,,Hg (II),10.25,25.0,7.0,160.0,Single-ion,2.23,,,"(Li et al., 2024)",16,False,0.8020015854720274,0,0,1,0,0,1,97,imputed_rpm,high
Virgin,PE,,Hg (II),10.25,25.0,7.0,160.0,Single-ion,0.69,,,"(Li et al., 2024)",16,False,-0.37106368139083207,0,0,1,0,0,1,97,imputed_rpm,high
Virgin,PLA,,Hg (II),10.25,25.0,7.0,160.0,Single-ion,12.54,,,"(Li et al., 2024)",16,False,2.5289235352047745,0,0,1,0,0,1,97,imputed_rpm,high
Aged,PS,,Hg (II),10.25,25.0,7.0,160.0,Single-ion,15.61,Lab: O3 water,,"(Li et al., 2024)",16,False,2.7479117345273405,0,0,1,0,0,1,97,imputed_rpm,high
Aged,PE,,Hg (II),10.25,25.0,7.0,160.0,Single-ion,22.23,Lab: O3 water,,"(Li et al., 2024)",16,False,3.101442727976105,0,0,1,0,0,1,97,imputed_rpm,high
Aged,PLA,,Hg (II),10.25,25.0,7.0,160.0,Single-ion,27.51,Lab: O3 water,,"(Li et al., 2024)",16,False,3.3145495749364833,0,0,1,0,0,1,97,imputed_rpm,high
Virgin,PA,,Cu (II),10.5,25.0,5.0,200.0,Single-ion,964.0,,,"(Hu et al., 2024)",8,False,6.871091294610546,0,0,0,0,0,0,100,none,high
Aged,PA,,Cu (II),10.5,25.0,5.0,200.0,Single-ion,1415.0,Lab: UV,,"(Hu et al., 2024)",8,False,7.254884810077338,0,0,0,0,0,0,100,none,high
Virgin,PLA,,Cu (II),10.5,25.0,5.0,200.0,Single-ion,951.0,,,"(Hu et al., 2024)",8,False,6.85751406254539,0,0,0,0,0,0,100,none,high
Aged,PLA,,Cu (II),10.5,25.0,5.0,200.0,Single-ion,1398.0,Lab: UV,,"(Hu et al., 2024)",8,False,7.242797922793756,0,0,0,0,0,0,100,none,high
Virgin,PA,0.5031,Cr (VI),10.5,25.0,,200.0,Single-ion,1997.0,,,"(Hu et al., 2024b)",9,False,7.599401333415815,1,1,0,0,1,0,92,imputed_Temp;pH_missing,high
Aged,PA,0.7248,Cr (VI),10.5,25.0,,200.0,Single-ion,2192.0,Lab: UV,,"(Hu et al., 2024b)",9,False,7.692569648067906,1,1,0,0,1,0,92,imputed_Temp;pH_missing,high
Virgin,PLA,0.3835,Cr (VI),10.5,25.0,,200.0,Single-ion,941.0,,,"(Hu et al., 2024b)",9,False,6.846943139585379,1,1,0,0,1,0,92,imputed_Temp;pH_missing,high
Aged,PLA,0.5691,Cr (VI),10.5,25.0,,200.0,Single-ion,1103.0,Lab: UV,,"(Hu et al., 2024b)",9,False,7.005789019253503,1,1,0,0,1,0,92,imputed_Temp;pH_missing,high
Virgin,PP,,Cu (II),2.55,25.0,6.0,150.0,Single-ion,5167.0,,,"(Muthuraja et al., 2024)",26,False,8.550047528287184,0,0,0,0,0,0,100,none,high
Virgin,PP,,Cu (II),2.55,25.0,6.0,150.0,Single-ion,1805.0,,,"(Muthuraja et al., 2024)",26,False,7.498315870766981,0,0,0,0,0,0,100,none,high
Aged,PP,,Cu (II),2.55,25.0,6.0,150.0,Single-ion,4494.0,,,"(Muthuraja et al., 2024)",26,False,8.410498452745275,0,0,0,0,0,0,100,none,high
Virgin,PS,,Cu (II),2.55,25.0,6.0,150.0,Single-ion,4115.0,,,"(Muthuraja et al., 2024)",26,False,8.32239411311117,0,0,0,0,0,0,100,none,high
Virgin,PS,,Cu (II),2.55,25.0,6.0,150.0,Single-ion,3814.0,,,"(Muthuraja et al., 2024)",26,False,8.246433786160365,0,0,0,0,0,0,100,none,high
Aged,PS,,Cu (II),2.55,25.0,6.0,150.0,Single-ion,4445.0,,,"(Muthuraja et al., 2024)",26,False,8.399535147948004,0,0,0,0,0,0,100,none,high
Virgin,PP,,Pb (II),2.55,25.0,6.0,150.0,Single-ion,7742.0,,,"(Muthuraja et al., 2024)",26,True,8.954415331137593,0,0,0,0,0,0,80,extreme_qm,medium
Virgin,PP,,Pb (II),2.55,25.0,6.0,150.0,Single-ion,5838.0,,,"(Muthuraja et al., 2024)",26,True,8.67214355141406,0,0,0,0,0,0,80,extreme_qm,medium
Aged,PP,,Pb (II),2.55,25.0,6.0,150.0,Single-ion,9405.0,,,"(Muthuraja et al., 2024)",26,True,9.14899674173513,0,0,0,0,0,0,80,extreme_qm,medium
Virgin,PS,,Pb (II),2.55,25.0,6.0,150.0,Single-ion,10979.0,,,"(Muthuraja et al., 2024)",26,True,9.303739636234733,0,0,0,0,0,0,80,extreme_qm,medium
Virgin,PS,,Pb (II),2.55,25.0,6.0,150.0,Single-ion,10414.0,,,"(Muthuraja et al., 2024)",26,True,9.250906333722844,0,0,0,0,0,0,80,extreme_qm,medium
Aged,PS,,Pb (II),2.55,25.0,6.0,150.0,Single-ion,9263.0,,,"(Muthuraja et al., 2024)",26,True,9.133783249254028,0,0,0,0,0,0,80,extreme_qm,medium
Virgin,PE,,Pb (II),10.1,30.0,4.0,160.0,Single-ion,3690.0,,,"(Saravanakumar et al., 2024)",31,False,8.213381737034572,0,0,1,1,0,1,94,imputed_rpm;imputed_AIC,high
Virgin,PBAT,,Cu (II),5.1,25.0,,180.0,Single-ion,4680.0,,,"(Chen et al., 2025)",1,False,8.451053388911692,0,1,0,0,0,0,95,pH_missing,high
Virgin,PBAT,,Cu (II),10.1,25.0,,160.0,Mixed,4120.0,,,"(Chen et al., 2025)",1,False,8.323608442343572,1,1,1,1,1,1,86,imputed_rpm;imputed_AIC;imputed_Temp;pH_missing,high
Aged,PBAT,,Cu (II),5.1,25.0,,180.0,Single-ion,8990.0,Lab: (biofilm) real wastewater,,"(Chen et al., 2025)",1,True,9.103868127465667,0,1,0,0,0,0,75,extreme_qm;pH_missing,medium
Aged,PBAT,,Cu (II),5.1,25.0,,180.0,Mixed,7180.0,Lab: (biofilm) real wastewater,,"(Chen et al., 2025)",1,True,8.87905466204227,0,1,0,0,0,0,75,extreme_qm;pH_missing,medium
Aged,PBAT,,Cu (II),5.1,25.0,,180.0,Single-ion,1000.0,,,"(Chen et al., 2025)",1,False,6.907755278982137,0,1,0,0,0,0,95,pH_missing,high
Aged,PBAT,,Cu (II),5.1,25.0,,180.0,Mixed,1200.0,Lab: biodegraded MP,,"(Chen et al., 2025)",1,False,7.090076835776092,0,1,0,0,0,0,95,pH_missing,high
Virgin,PA,,Cu (II),10.1,25.0,,250.0,Single-ion,88.0,Lab: biodegraded MP,,"(Dai et al., 2025)",2,False,4.477336814478207,0,1,0,0,0,0,95,pH_missing,high
Aged,PA,,Cu (II),10.1,25.0,,250.0,Single-ion,964.0,Lab: distilled-water,,"(Dai et al., 2025)",2,False,6.871091294610546,0,1,0,0,0,0,95,pH_missing,high
Aged,PA,,Cu (II),10.1,25.0,,250.0,Single-ion,580.0,Lab: tap-water,,"(Dai et al., 2025)",2,False,6.363028103540465,0,1,0,0,0,0,95,pH_missing,high
Aged,PA,,Cu (II),10.1,25.0,,250.0,Single-ion,282.0,Lab: surface water,,"(Dai et al., 2025)",2,False,5.641907070938114,0,1,0,0,0,0,95,pH_missing,high
Aged,PA,,Cu (II),10.1,25.0,,250.0,Single-ion,1296.0,Lab: wastewater,,"(Dai et al., 2025)",2,False,7.16703787691222,0,1,0,0,0,0,95,pH_missing,high
Virgin,PLA,,Cu (II),10.1,25.0,,250.0,Single-ion,1443.0,,,"(Dai et al., 2025)",2,False,7.274479558773871,0,1,0,0,0,0,95,pH_missing,high
Aged,PLA,,Cu (II),10.1,25.0,,250.0,Single-ion,2318.0,Lab: distilled-water,,"(Dai et al., 2025)",2,False,7.748460023899697,0,1,0,0,0,0,95,pH_missing,high
Aged,PLA,,Cu (II),10.1,25.0,,250.0,Single-ion,1158.0,Lab: tap-water,,"(Dai et al., 2025)",2,False,7.05444965813294,0,1,0,0,0,0,95,pH_missing,high
Aged,PLA,,Cu (II),10.1,25.0,,250.0,Single-ion,1207.0,Lab: surface water,,"(Dai et al., 2025)",2,False,7.095893221097532,0,1,0,0,0,0,95,pH_missing,high
Aged,PLA,,Cu (II),10.1,25.0,,250.0,Single-ion,504.0,Lab: wastewater,,"(Dai et al., 2025)",2,False,6.222576268071369,0,1,0,0,0,0,95,pH_missing,high
Virgin,PBS,,Cd (II),23.0,25.0,,200.0,Single-ion,2997.0,,,"(Jiang et al., 2025)",13,False,8.005367067316664,0,1,0,0,0,0,95,pH_missing,high
Virgin,PBS,,As (III),23.0,25.0,,200.0,Single-ion,2606.0,,,"(Jiang et al., 2025)",13,False,7.8655717576847906,0,1,0,0,0,0,95,pH_missing,high
